{
	"米浴说的道理": "miyu",
	"啊米浴说的道理": "miyu",
	"大家好啊": "djha",
	"我是说的道理": "wssddl",
	"今天来点大家想看的东西": "jtlaidian",
	"今天来点儿大家想看的东西": "jtlaidian",
	"说的道理": "sddl",
	"波比是我爹": "bobi",
	"啊嘛波比是我爹": "bobi",
	"哇袄": "waao",
	"欧西给": "欧西给1",
	"欧西给1": "欧西给1",
	"欧西给2": "欧西给2",
	"欧西给3": "欧西给3",
	"AQ": "AQ1",
	"AQ1": "AQ1",
	"AQ2": "AQ2",
	"再Q": "zaiQ",
	"走位": "走位",
	"诶乌兹": "euz",
	"欧内的手": "欧内的手",
	"好汉": "好汉",
	"我是电棍": "wsdg",
	"啊1": "啊1",
	"啊2": "啊2",
	"韭菜盒子": "韭菜盒子",
	"癌症晚期": "癌症晚期",
	"鬼叫1": "鬼叫1",
	"鬼叫2": "鬼叫2",
	"鬼叫3": "鬼叫3",
	"鬼叫4": "鬼叫4",
	"鬼叫5": "鬼叫5",
	"鬼叫6": "鬼叫6"
}